Today,Code name,Current (light),My guess: engine stop,engine stop correction (if wrong),New path in the proposed set,Used for,Existing problems
Background Primary,color-palette-background-primary,Gray/0 #FFFFFF,neutral/paper-0 in light; paper-5 in dark,,color/surface/high,"cards, menus, most page bgs currently",we don't have a rule for whether we use this to fill inputs or should we use paper-0
Background Secondary,color-palette-background-secondary,Gray/25 #F9FAFB,neutral/paper-1 in light; paper-3 in dark,,color/surface/mid (surface/low on paper-3 / paper-1 has no old row),some page bgs,jump from secondary to tertiary is very wide. that's why I added low in addition to dim. 
Background Tertiary,color-palette-background-tertiary,Gray/50 #EEEFF2,neutral/paper-5 in light; paper-0 in dark,,color/surface/dim,"low backgrounds, disabled states","not sure we should be using something called background tertiary to communicate disabled. I think it should be reserved for the lowest bg, recesses, and we should add a disabled overlay or something."
Background Primary Inverse,color-palette-background-primary-inverse,Gray/900 #0E0F10,neutral/pen-70 (the pole pen-100 is the other call),,color/surface/inverse,"neutral primary buttons, inverted cards or banners, toasts",We are going to move away from it being something interactive and use it for inverted banners and cards only
Background Scrim,color-palette-background-scrim,#000000 at 64%,black + opacity/scrim (64),,color/surface/scrim (a pair),separating dialogs and modals from the bg,
missing,,,,strong: neutral/pen-100,,,
Content Primary,color-palette-content-primary,Gray/900 #0E0F10,neutral/pen-70 (pen-100 stays available as fg/strong),regular: neutral/pen-70,color/fg/regular,,
Content Secondary,color-palette-content-secondary,Gray/600 #515767,neutral/pencil-47,subtle: neutral/pen-58,color/fg/subtle,,
Content Tertiary,color-palette-content-tertiary,Gray/400 #868FA2,neutral/highlighter-26 (3:1 — icons and large text only; small text to fg/subtle; disabled to opacity/disabled),hint: neutral/pencil-47,color/fg/hint,designers alt between using this for disabled states and the lowest text color,I set up the text colors so that they would have enough options that pass. People use tertiary currently as a text color. 
missing/not sure if we need,,,,???: neutral/highlighter-26,,,"right now, tertiary doesn't pass. I don't know if we should include a color to designers that seems like it can be used the same as the rest in this scale. either this needs a different naming convention or we need to rethink."
Content Primary Inverse,color-palette-content-primary-inverse,Gray/0 #FFFFFF,neutral/paper-0 (paper-3 for running text on the inverse),,color/fg/on-inverse/strong (and on-inverse/regular),currently used on buttons (will not continue). It will continue to be used on other dark surfaces.,using this for buttons doesn't allow us to support any brand color
Stroke Primary,color-palette-stroke-primary,Gray/900 #0E0F10,neutral/pen-70,,color/border/strong,there is no real use for this,"I think we should keep this just in case, calling it strong should alleviate the ""primary"" idea"
Stroke Secondary,color-palette-stroke-secondary,Gray/400 #868FA2,neutral/highlighter-26,,color/border/regular,this is the real primary stroke when it needs to pass contrast,
Stroke Tertiary,color-palette-stroke-tertiary,Gray/200 #CBCFD7,neutral/chalk-15,,color/border/subtle,this is a heavier decorative stroke and gets used on strong dividers,
Stroke Quaternary,color-palette-stroke-quaternary,Gray/100 #E2E4E9,neutral/chalk-8,,color/border/hint,this is the primary decorative stroke that gets used on cards,
Stroke Primary Inverse,color-palette-stroke-primary-inverse,Gray/0 #FFFFFF,neutral/paper-0,,color/border/inverse,this gets used if you need to outline a button or card that goes on an inverted surface,
Signal Negative,color-palette-signal-negative,Scarlet/700 #B42318,critical/pencil-47 (as a border: critical/highlighter-26),,color/fg/critical/regular (border: color/border/critical/regular),"catch all for text, fills, borders",needs to be forked for better usage
Signal Negative Spotlight,,Scarlet/500 #F04438,critical/highlighter-26; as a fill under text it must be critical/stamp/fill,,color/fg/critical/hint (fill: color/bg/critical/solid/enabled),"added to support things like progress bars, bright icons, large text",this was added hastily and doesn't have coherent usage messaging. i was going to keep it as a border only but have struggled with how to place this
Signal Negative Highlight,color-palette-signal-negative-highlight,Scarlet/200 #FECDCA,critical/chalk-11,,color/border/critical/muted,generally used as a border only now. could be used as fill but isn't,it's name implies it can be used for a lot more than it is right now
Signal Negative Accent,color-palette-signal-negative-accent,Scarlet/50 #FEF3F2,critical/paper-3,,color/bg/critical/muted,"generally used as a subtle background, often paired with a highlight border.",
Signal Warning,color-palette-signal-warning,Amber/700 #804F00,warning/pencil-47 (as a border: warning/highlighter-26),,color/fg/warning/regular (border: color/border/warning/regular),"catch all for text, fills, borders",needs to be forked for better usage
Signal Warning Spotlight,,Amber/500 #CE6F03,warning/highlighter-26; as a fill under text it must be warning/stamp/fill,,color/fg/warning/hint (fill: color/bg/warning/solid/enabled),"added to support things like progress bars, bright icons, large text",this was added hastily and doesn't have coherent usage messaging. i was going to keep it as a border only but have struggled with how to place this
Signal Warning Highlight,color-palette-signal-warning-highlight,Amber/200 #FFE680,warning/chalk-11,,color/border/warning/muted,generally used as a border only now. could be used as fill but isn't,it's name implies it can be used for a lot more than it is right now
Signal Warning Accent,color-palette-signal-warning-accent,Amber/50 #FFF9E5,warning/paper-3,,color/bg/warning/muted,"generally used as a subtle background, often paired with a highlight border.",
Signal Positive,color-palette-signal-positive,Lime/700 #2A5F26,positive/pencil-47 (as a border: positive/highlighter-26),,color/fg/positive/regular (border: color/border/positive/regular),"catch all for text, fills, borders",needs to be forked for better usage
Signal Positive Spotlight,,Lime/500 #449938,positive/highlighter-26; as a fill under text it must be positive/stamp/fill,,color/fg/positive/hint (fill: color/bg/positive/solid/enabled),"added to support things like progress bars, bright icons, large text",this was added hastily and doesn't have coherent usage messaging. i was going to keep it as a border only but have struggled with how to place this
Signal Positive Highlight,color-palette-signal-positive-highlight,Lime/200 #A3DB9E,positive/chalk-11,,color/border/positive/muted,generally used as a border only now. could be used as fill but isn't,it's name implies it can be used for a lot more than it is right now
Signal Positive Accent,color-palette-signal-positive-accent,Lime/50 #EBF5EA,positive/paper-3,,color/bg/positive/muted,"generally used as a subtle background, often paired with a highlight border.",
Brand Primary,color-palette-brand-primary,#044BAF,"three jobs, by use: text brand/pencil-47; link link/default/enabled; button fill brand/stamp/fill (with stamp/on and stamp/edge)",,color/fg/brand/regular; color/fg/link/enabled; color/bg/brand/solid/enabled,"catch all for text, fills, borders",needs to be forked for better usage
Brand Primary Highlight,color-palette-brand-primary-highlight,#8EB9F5,brand/chalk-11,,color/border/brand/muted (or color/illustration/chalk-light),generally used as a border only now. could be used as fill but isn't,it's name implies it can be used for a lot more than it is right now
Brand Primary Accent,color-palette-brand-primary-accent,#E6EFFB,brand/paper-3,,color/bg/brand/muted,"generally used as a subtle background, often paired with a highlight border.",
Merge Intensity 1,"color-palette-merge-default, merge-amount-intensity-1",#0E0F10 at 5%,neutral/highlighter-26 + opacity/hint/hover (8),,color/bg/hint/hover (a pair),subtle/soft interactive hover on surface elements,"neutral colored only, looks odd with colored icon buttons"
Merge Intensity 2,color-palette-overlay-darker,#0E0F10 at 10%,neutral/highlighter-26 + opacity/subtle/enabled (12),,color/bg/subtle/enabled (a pair),subtle/soft interactive pressed on surface elements,"neutral colored only, looks odd with colored icon buttons"
Merge Intensity 3,color-palette-overlay-darkest,#0E0F10 at 15%,neutral/highlighter-26 + opacity/subtle/hover (16),,color/bg/subtle/hover (a pair),overlays brand primary to create interactive hover,there is no intelligent way for it to know if it needs to go lighter or darker. These are going away for the stamp hover
Merge Intensity 4,,#0E0F10 at 20%,neutral/highlighter-26 + opacity/subtle/pressed (24),,color/bg/subtle/pressed (a pair),"no use, redundant","the merge intensities lack a selected state, and in general look muddy because they don't adapt to the element's color."
Merge Intensity 5,,#0E0F10 at 25%,neutral/highlighter-26 + opacity/subtle/selected (32),,color/bg/subtle/selected (a pair),overlays brand primary to create interactive pressed,there is no intelligent way for it to know if it needs to go lighter or darker. These are going away for the stamp pressed
Merge Intensity 1 (Inverse),palette-overlay-light,#FFFFFF at 5%,none: the same pair flips with the theme; a state ground on surface/inverse has no token,,—,,"these all have the same issues as the regular merge intensities, just inverted"
Merge Intensity 2 (Inverse),palette-overlay-lighter,#FFFFFF at 10%,none (as above),,—,,
Merge Intensity 3 (Inverse),palette-overlay-lightest,#FFFFFF at 15%,none (as above),,—,,
Merge Intensity 4 (Inverse),,#FFFFFF at 20%,none (as above),,—,,
Merge Intensity 5 (Inverse),,#FFFFFF at 25%,none (as above),,—,,
Skeleton loader Fill,,Gray/100 #E2E4E9,neutral/chalk-8,,none yet: a component token,,"these were added because they needed to access a primitive when the libraries are split. for components like these, I would almost just use the theme colors instead of making a new variable."
Skeleton loader Start animation,,Gray/25 #F9FAFB,neutral/paper-1,,none yet: a component token,,
Skeleton loader End animation,,Gray/50 #EEEFF2,neutral/paper-5,,none yet: a component token,,
(int) Elevation overlay Level 1,,white at 0% light / 0% dark,none: the planes move the paper per mode instead of overlaying white,,color/surface/* (the shadow styles carry the step in light),these don't actually get used,these are solved for by the surface colors inverting the step order
(int) Elevation overlay Level 2,,white at 0% light / 2% dark,none (as above),,color/surface/*,these don't actually get used,these are solved for by the surface colors inverting the step order
(int) Elevation overlay Level 3,,white at 0% light / 3% dark,none (as above),,color/surface/*,these don't actually get used,these are solved for by the surface colors inverting the step order
(int) Elevation overlay Level 4,,white at 0% light / 4% dark,none (as above),,color/surface/*,these don't actually get used,these are solved for by the surface colors inverting the step order